 drop database car_rental;
 create database car_rental;
 use car_rental;

create table MODELE(
	ID_MODELU varchar(20) primary key unique,
    MARKA varchar(20),
    MODEL_SAMOCHODU varchar(20),
    CENA_WYP float,
    SPALANIE float,
    MIEJSCA int unsigned,
    DRZWI int unsigned,
    POJEMNOSC_ZBIORNIKA int unsigned,
    TYP_PALIWA varchar(10),
    POJEMNOSC_SILNIKA int unsigned,
    MOC int unsigned,
    RODZAJ_KAROSERII varchar(10)
);

create table WYPOZYCZALNIE(
	ID_WYPOZYCZALNI int unsigned primary key unique auto_increment,
    MIASTO varchar(30),
    ADRES varchar(100)
);

create table SAMOCHODY(
	ID_SAMOCHODU int unsigned primary key unique auto_increment,
    ID_WYPOZYCZALNI int unsigned,
    foreign key (ID_WYPOZYCZALNI) references WYPOZYCZALNIE(ID_WYPOZYCZALNI),
    ID_MODELU varchar(20),
    foreign key (ID_MODELU) references MODELE(ID_MODELU),
    NR_REJESTRACYJNY varchar(20) unique,
    DATA_PRODUKCJI date,
    DATA_REJESTRACJI date,
    DATA_PRZEGLADU date,
    PRZEBIEG int unsigned
);

create table KLIENCI(
	ID_KLIENTA int unsigned primary key unique auto_increment,
    IMIE varchar(30),
    NAZWISKO varchar(30),
    PESEL varchar(11) unique,
    NR_TEL varchar(9) unique,
    EMAIL varchar(100) unique
);

create table WYPOZYCZENIA(
	ID_WYPOZYCZENIA int unsigned primary key unique auto_increment,
    ID_KLIENTA int unsigned,
    foreign key (ID_KLIENTA) references KLIENCI(ID_KLIENTA),
    ID_SAMOCHODU int unsigned,
    foreign key (ID_SAMOCHODU) references SAMOCHODY(ID_SAMOCHODU),
    STAN_WYP varchar(20),
    DATA_WYP date,
    DATA_ZWROTU date
);

create table LOG_WYPOZYCZENIA(
	LOG_ID int unsigned primary key unique auto_increment,
    DATA_LOGU date,
    ID_WYPOZYCZENIA int unsigned,
    foreign key (ID_WYPOZYCZENIA) references WYPOZYCZENIA(ID_WYPOZYCZENIA),
    ID_KLIENTA int unsigned,
    foreign key (ID_KLIENTA) references KLIENCI(ID_KLIENTA),
    ID_SAMOCHODU int unsigned,
    foreign key (ID_SAMOCHODU) references SAMOCHODY(ID_SAMOCHODU),
    STAN_WYP varchar(20),
    DATA_WYP date,
    DATA_ZWROTU date
);

create table UZYTKOWNICY(
	LOGIN varchar(30) primary key unique,
    USER_GROUP_ID int unsigned,
    PASSWORD_HASH varchar(256)
);

create trigger LOG_WYPOZYCZENIA_INS_TRIGGER 
after insert on WYPOZYCZENIA
for each row 
	insert into LOG_WYPOZYCZENIA
    values (NULL, sysdate(), new.ID_WYPOZYCZENIA, new.ID_KLIENTA, new.ID_SAMOCHODU,
			new.STAN_WYP, new.DATA_WYP, new.DATA_ZWROTU);

create trigger LOG_WYPOZYCZENIA_UP_TRIGGER 
after update on WYPOZYCZENIA
for each row 
	insert into LOG_WYPOZYCZENIA
    values (NULL, sysdate(), new.ID_WYPOZYCZENIA, new.ID_KLIENTA, new.ID_SAMOCHODU,
			new.STAN_WYP, new.DATA_WYP, new.DATA_ZWROTU);

create or replace view DOSTEPNE_SAMOCHODY as
select 
    distinct S.ID_SAMOCHODU AS "ID_SAM",
    CASE WA.STAN_WYP WHEN 'ZAKONCZONE' THEN 'DOSTEPNY' 
                   WHEN 'ZAPLANOWANE' THEN 'DOSTEPNY/ZAREZERWOWANY'
                   WHEN 'AKTUALNE' THEN 'NIEDOSTEPNY'
                   END
    AS "STATUS",
    WE.MIASTO AS "MIASTO",
    M.MARKA AS "MARKA",
    M.MODEL_SAMOCHODU AS "MODEL",
    S.DATA_PRODUKCJI AS "DATA_PRODUKCJI",
    M.CENA_WYP AS "CENA",
    M.SPALANIE AS "SPALANIE",
    M.MIEJSCA AS "L_MIEJSC",
    M.DRZWI AS "L_DRZWI",
    M.POJEMNOSC_ZBIORNIKA AS "POJEMNOSC_ZBIORNIKA",
    M.TYP_PALIWA AS "TYP_PALIWA",
    M.POJEMNOSC_SILNIKA AS "POJEMNOSC_SILNIKA",
    M.MOC AS "MOC",
    M.RODZAJ_KAROSERII AS "RODZAJ_KAROSERII"
FROM SAMOCHODY S
JOIN WYPOZYCZENIA WA
ON WA.ID_SAMOCHODU = S.ID_SAMOCHODU
JOIN MODELE M 
ON S.ID_MODELU = M.ID_MODELU
JOIN WYPOZYCZALNIE WE
ON WE.ID_WYPOZYCZALNI = S.ID_WYPOZYCZALNI
WHERE S.ID_SAMOCHODU NOT IN (
SELECT 
    DISTINCT S.ID_SAMOCHODU AS "ID_SAM"
FROM SAMOCHODY S
JOIN WYPOZYCZENIA WA
ON WA.ID_SAMOCHODU = S.ID_SAMOCHODU
WHERE WA.STAN_WYP = 'AKTUALNE'
);

create or replace view NIEDOSTEPNE_SAMOCHODY as
select 
    distinct S.ID_SAMOCHODU AS "ID_SAM",
    CASE WA.STAN_WYP WHEN 'ZAKONCZONE' THEN 'DOSTEPNY' 
                   WHEN 'ZAPLANOWANE' THEN 'DOSTEPNY/ZAREZERWOWANY'
                   WHEN 'AKTUALNE' THEN 'NIEDOSTEPNY'
                   END
    AS "STATUS",
    WA.DATA_ZWROTU AS "PLANOWANA_DATA_ZWROTU",
    WE.MIASTO AS "MIASTO",
    M.MARKA AS "MARKA",
    M.MODEL_SAMOCHODU AS "MODEL",
    S.DATA_PRODUKCJI AS "DATA_PRODUKCJI",
    M.CENA_WYP AS "CENA",
    M.SPALANIE AS "SPALANIE",
    M.MIEJSCA AS "L_MIEJSC",
    M.DRZWI AS "L_DRZWI",
    M.POJEMNOSC_ZBIORNIKA AS "POJEMNOSC_ZBIORNIKA",
    M.TYP_PALIWA AS "TYP_PALIWA",
    M.POJEMNOSC_SILNIKA AS "POJEMNOSC_SILNIKA",
    M.MOC AS "MOC",
    M.RODZAJ_KAROSERII AS "RODZAJ_KAROSERII"
FROM SAMOCHODY S
JOIN WYPOZYCZENIA WA
ON WA.ID_SAMOCHODU = S.ID_SAMOCHODU
JOIN MODELE M 
ON S.ID_MODELU = M.ID_MODELU
JOIN WYPOZYCZALNIE WE
ON WE.ID_WYPOZYCZALNI = S.ID_WYPOZYCZALNI
WHERE WA.STAN_WYP = 'AKTUALNE';

CREATE OR REPLACE VIEW WYPOZYCZONE_SAMOCHODY AS
SELECT 
    DISTINCT S.ID_SAMOCHODU AS "ID_SAM",
    CASE WA.STAN_WYP WHEN 'AKTUALNE' THEN 'WYPOZYCZONY' 
    END
    AS "STATUS",
    WE.MIASTO AS "MIASTO",
    M.MARKA AS "MARKA",
    M.MODEL_SAMOCHODU AS "MODEL",
     S.NR_REJESTRACYJNY AS "NR_REJESTRACYJNY",
    S.DATA_PRODUKCJI AS "DATA_PRODUKCJI",
    M.CENA_WYP AS "CENA",
    K.ID_KLIENTA AS "ID_KLIENTA",
    K.IMIE AS "IMIE",
    K.NAZWISKO AS "NAZWISKO",
    WA.DATA_WYP AS "DATA_WYPOZYCZENIA",
    WA.DATA_ZWROTU AS "DATA_ZWROTU"
FROM WYPOZYCZENIA WA
JOIN KLIENCI K
ON K.ID_KLIENTA = WA.ID_KLIENTA
JOIN SAMOCHODY S
ON WA.ID_SAMOCHODU = S.ID_SAMOCHODU
JOIN MODELE M 
ON S.ID_MODELU = M.ID_MODELU
JOIN WYPOZYCZALNIE WE
ON WE.ID_WYPOZYCZALNI = S.ID_WYPOZYCZALNI
WHERE WA.STAN_WYP = 'AKTUALNE'
ORDER BY WA.DATA_ZWROTU;


insert into MODELE(ID_MODELU, MARKA, MODEL_SAMOCHODU, CENA_WYP, SPALANIE, MIEJSCA, DRZWI, POJEMNOSC_ZBIORNIKA, TYP_PALIWA, POJEMNOSC_SILNIKA, MOC, RODZAJ_KAROSERII)
values
('TOY_SUP', 'TOYOTA', 'SUPRA', 250, 15, 2, 3, 70, 'BENZYNA', 4000,  450, 'COUPE'),
('VW_G5', 'VOLKSWAGEN', 'GOLF V', 100, 7, 5, 5, 60, 'DIESEL', 1600,  89, 'HATCHBACK'),
('BMW_E90', 'BMW', 'E90', 150, 12, 5, 5, 65, 'BENZYNA', 2000,  150, 'SEDAN'),
('NIS_Q', 'NISSAN', 'QUASHQAI', 200, 5, 5, 5, 75, 'DIESEL', 1989,  120, 'SUV'),
('MIT_ASX', 'MITSUBISHI', 'ASX', 175, 7, 5, 5, 55, 'BENZYNA', 2200,  180, 'SUV');

insert into WYPOZYCZALNIE(MIASTO, ADRES)
values
('WROCLAW','UL. JAGIELLY 11'),
('WARSZAWA','UL. KOSCIUSZKI 7'),
('KRAKOW','UL. PILUSUDSKIEGO 5' ),
('POZNAN','UL. 3 MAJA 2'),
('GDANSK','UL. 11 LISTOPADA 1');

insert into KLIENCI(IMIE, NAZWISKO, PESEL, NR_TEL, EMAIL)
values
('JACEK', 'NIEMY', 79669103882, 955966646, 'JNIEMY101@MAIL.COM'),
('IGNACY', 'NIESMIALY', 73246419255, 855987159, 'INIESMIALY114@WP.PL'),
('JAKUB', 'LOS', 93419523364, 721643517, 'JLOS38@O2.PL'),
('KRZYSZTOF', 'JORDAN', 97706046893, 820144569, 'KJORDAN0@GMAIL.COM'),
('ZDZISLAW', 'NOWAK', 58218904128, 947282395, 'ZNOWAK98@MAIL.COM'),
('NATALIA', 'JORDAN', 89860863944, 848044518, 'NJORDAN10@WP.PL'),
('MALGORZATA', 'JAROSZYNSKI', 98351386283, 869690264, 'MJAROSZYNSKI83@GMAIL.COM'),
('JACEK', 'JAROSZYNSKI', 92016927479, 879986962, 'JJAROSZYNSKI119@WP.PL'),
('KRZYSZTOF', 'WEGIER', 86550086012, 909761151, 'KWEGIER117@WP.PL'),
('BEATA', 'JAKUBOWSKI', 59571151163, 940783764, 'BJAKUBOWSKI79@WP.PL'),
('MICHAL', 'NIESMIALY', 61573782845, 884787594, 'MNIESMIALY77@O2.PL'),
('KAROLINA', 'KONIECPOLSKI', 92286287722, 788716521, 'KKONIECPOLSKI43@WP.PL'),
('MALGORZATA', 'WEGIER', 56556711669, 739998133, 'MWEGIER90@MAIL.COM'),
('MICHAL', 'BLACK', 84597795621, 914504180, 'MBLACK70@MAIL.COM'),
('ANNA', 'NIESMIALY', 98994667688, 872002352, 'ANIESMIALY115@WP.PL'),
('JAROSLAW', 'NOWY', 78809229524, 835094608, 'JNOWY14@WP.PL'),
('ZENON', 'JAKUBOWSKI', 66623262998, 889784642, 'ZJAKUBOWSKI54@GMAIL.COM'),
('WACLAWA', 'KONIECPOLSKI', 53013489817, 841406311, 'WKONIECPOLSKI113@WP.PL'),
('JACEK', 'KROL', 94656513140, 778232721, 'JKROL102@GMAIL.COM'),
('MALGORZATA', 'POLAK', 57464319387, 943028087, 'MPOLAK50@O2.PL'),
('AGATA', 'KROL', 57969673740, 774935726, 'AKROL44@MAIL.COM'),
('DAWID', 'FRANEK', 89516891486, 900547039, 'DFRANEK67@O2.PL'),
('JOANNA', 'BARTOSZ', 97284114208, 835590208, 'JBARTOSZ95@GMAIL.COM'),
('WITOLD', 'BLACK', 62807415273, 891119783, 'WBLACK68@O2.PL'),
('BEATA', 'KROL', 96823641003, 986635937, 'BKROL117@MAIL.COM'),
('WACLAW', 'JAROSZYNSKI', 69782169948, 931563065, 'WJAROSZYNSKI58@GMAIL.COM'),
('ANNA', 'MAZUR', 65806119260, 819596123, 'AMAZUR0@WP.PL'),
('KRZYSZTOF', 'ZIEBA', 58552869490, 850912632, 'KZIEBA72@WP.PL'),
('ZDZISLAW', 'POLAK', 73736192892, 830713164, 'ZPOLAK70@O2.PL'),
('JACEK', 'NOWAK', 76749434565, 922267984, 'JNOWAK29@WP.PL'),
('JACEK', 'JAKUBOWSKI', 94533104744, 968921886, 'JJAKUBOWSKI38@MAIL.COM'),
('JAROSLAW', 'WESOLY', 82503944463, 758954495, 'JWESOLY66@WP.PL'),
('ZDZISLAW', 'ZIELONY', 55257140305, 959507251, 'ZZIELONY75@MAIL.COM'),
('BEATA', 'JAROSZYNSKI', 74543032400, 889705875, 'BJAROSZYNSKI15@WP.PL'),
('JOANNA', 'LOS', 97432484523, 788635733, 'JLOS0@GMAIL.COM'),
('WACLAW', 'BALABAN', 82067133290, 858541980, 'WBALABAN106@WP.PL'),
('WACLAWA', 'KOWALSKI', 73288042065, 996999309, 'WKOWALSKI49@WP.PL'),
('JOLANTA', 'ZIEBA', 73122692640, 737105917, 'JZIEBA97@WP.PL'),
('IGNACY', 'ZDROWY', 55697115030, 997796988, 'IZDROWY20@GMAIL.COM'),
('WACLAW', 'WEGIER', 73897755430, 725167090, 'WWEGIER68@WP.PL'),
('WLADYSLAW', 'KRASICKI', 85320730852, 706889123, 'WKRASICKI84@MAIL.COM'),
('MICHAL', 'NOWY', 54702511417, 700901469, 'MNOWY81@O2.PL'),
('ANNA', 'NOWAK', 83279246087, 775947247, 'ANOWAK56@MAIL.COM'),
('JACEK', 'BALABAN', 73328777300, 917086463, 'JBALABAN97@MAIL.COM'),
('HUBERT', 'LOS', 51777382537, 996593009, 'HLOS45@GMAIL.COM'),
('KRZYSZTOF', 'KROL', 97933854904, 766211984, 'KKROL75@O2.PL'),
('MALGORZATA', 'KROL', 64614706865, 893168504, 'MKROL18@O2.PL'),
('JOLANTA', 'WHITE', 53665850261, 736498787, 'JWHITE99@O2.PL'),
('ANNA', 'ZIEBA', 85336982807, 725512601, 'AZIEBA47@MAIL.COM'),
('MICHAL', 'LOS', 90529068925, 696881756, 'MLOS120@WP.PL'),
('MICHAL', 'WESOLY', 89677711234, 822512148, 'MWESOLY86@WP.PL');

insert into SAMOCHODY(ID_WYPOZYCZALNI, ID_MODELU, NR_REJESTRACYJNY, DATA_PRODUKCJI, DATA_REJESTRACJI, DATA_PRZEGLADU, PRZEBIEG)
values
(1, 'NIS_Q','DW 35542', STR_TO_DATE('28-08-2013', '%d-%m-%Y'), STR_TO_DATE('22-09-2013', '%d-%m-%Y'), STR_TO_DATE('14-06-2021', '%d-%m-%Y'), 244634),
(2, 'TOY_SUP','DW 45932', STR_TO_DATE('27-02-2012', '%d-%m-%Y'), STR_TO_DATE('20-03-2012', '%d-%m-%Y'), STR_TO_DATE('28-06-2021', '%d-%m-%Y'), 457293),
(3, 'NIS_Q','DW 64823', STR_TO_DATE('23-03-2013', '%d-%m-%Y'), STR_TO_DATE('28-04-2013', '%d-%m-%Y'), STR_TO_DATE('28-02-2021', '%d-%m-%Y'), 231435),
(4, 'BMW_E90','DW 93880', STR_TO_DATE('27-06-2011', '%d-%m-%Y'), STR_TO_DATE('11-07-2011', '%d-%m-%Y'), STR_TO_DATE('13-03-2021', '%d-%m-%Y'), 245959),
(5, 'TOY_SUP','DW 85098', STR_TO_DATE('20-06-2020', '%d-%m-%Y'), STR_TO_DATE('10-07-2020', '%d-%m-%Y'), STR_TO_DATE('16-07-2021', '%d-%m-%Y'), 570529),
(1, 'TOY_SUP','DW 18401', STR_TO_DATE('15-07-2014', '%d-%m-%Y'), STR_TO_DATE('18-08-2014', '%d-%m-%Y'), STR_TO_DATE('15-07-2021', '%d-%m-%Y'), 223357),
(2, 'MIT_ASX','DW 26683', STR_TO_DATE('17-01-2018', '%d-%m-%Y'), STR_TO_DATE('13-02-2018', '%d-%m-%Y'), STR_TO_DATE('22-07-2021', '%d-%m-%Y'), 237711),
(3, 'VW_G5','DW 78168', STR_TO_DATE('12-03-2017', '%d-%m-%Y'), STR_TO_DATE('16-04-2017', '%d-%m-%Y'), STR_TO_DATE('28-05-2021', '%d-%m-%Y'), 126998),
(4, 'BMW_E90','DW 37421', STR_TO_DATE('24-02-2017', '%d-%m-%Y'), STR_TO_DATE('20-03-2017', '%d-%m-%Y'), STR_TO_DATE('22-01-2021', '%d-%m-%Y'), 101755),
(5, 'MIT_ASX','DW 53849', STR_TO_DATE('15-02-2010', '%d-%m-%Y'), STR_TO_DATE('28-03-2010', '%d-%m-%Y'), STR_TO_DATE('10-08-2021', '%d-%m-%Y'), 425575),
(1, 'NIS_Q','DW 52589', STR_TO_DATE('28-07-2010', '%d-%m-%Y'), STR_TO_DATE('21-08-2010', '%d-%m-%Y'), STR_TO_DATE('27-08-2021', '%d-%m-%Y'), 458151),
(2, 'MIT_ASX','DW 60903', STR_TO_DATE('22-05-2019', '%d-%m-%Y'), STR_TO_DATE('11-06-2019', '%d-%m-%Y'), STR_TO_DATE('13-07-2021', '%d-%m-%Y'), 311494),
(3, 'BMW_E90','DW 41786', STR_TO_DATE('19-05-2012', '%d-%m-%Y'), STR_TO_DATE('27-06-2012', '%d-%m-%Y'), STR_TO_DATE('13-05-2021', '%d-%m-%Y'), 391266),
(4, 'MIT_ASX','DW 46983', STR_TO_DATE('17-06-2015', '%d-%m-%Y'), STR_TO_DATE('26-07-2015', '%d-%m-%Y'), STR_TO_DATE('16-03-2021', '%d-%m-%Y'), 547332),
(5, 'MIT_ASX','DW 30408', STR_TO_DATE('12-08-2010', '%d-%m-%Y'), STR_TO_DATE('26-09-2010', '%d-%m-%Y'), STR_TO_DATE('10-03-2021', '%d-%m-%Y'), 241901),
(1, 'NIS_Q','DW 94449', STR_TO_DATE('10-07-2010', '%d-%m-%Y'), STR_TO_DATE('25-08-2010', '%d-%m-%Y'), STR_TO_DATE('27-07-2021', '%d-%m-%Y'), 242694),
(2, 'MIT_ASX','DW 22568', STR_TO_DATE('25-05-2019', '%d-%m-%Y'), STR_TO_DATE('18-06-2019', '%d-%m-%Y'), STR_TO_DATE('11-08-2021', '%d-%m-%Y'), 123241),
(3, 'VW_G5','DW 69614', STR_TO_DATE('19-01-2011', '%d-%m-%Y'), STR_TO_DATE('11-02-2011', '%d-%m-%Y'), STR_TO_DATE('11-04-2021', '%d-%m-%Y'), 287028),
(4, 'VW_G5','DW 26289', STR_TO_DATE('10-02-2016', '%d-%m-%Y'), STR_TO_DATE('28-03-2016', '%d-%m-%Y'), STR_TO_DATE('28-01-2021', '%d-%m-%Y'), 554320),
(5, 'NIS_Q','DW 58206', STR_TO_DATE('16-08-2015', '%d-%m-%Y'), STR_TO_DATE('22-09-2015', '%d-%m-%Y'), STR_TO_DATE('28-04-2021', '%d-%m-%Y'), 159067),
(1, 'TOY_SUP','DW 79920', STR_TO_DATE('13-07-2019', '%d-%m-%Y'), STR_TO_DATE('27-08-2019', '%d-%m-%Y'), STR_TO_DATE('23-06-2021', '%d-%m-%Y'), 156243),
(2, 'MIT_ASX','DW 76695', STR_TO_DATE('10-04-2012', '%d-%m-%Y'), STR_TO_DATE('22-05-2012', '%d-%m-%Y'), STR_TO_DATE('12-04-2021', '%d-%m-%Y'), 410277),
(3, 'NIS_Q','DW 87912', STR_TO_DATE('26-01-2013', '%d-%m-%Y'), STR_TO_DATE('24-02-2013', '%d-%m-%Y'), STR_TO_DATE('22-08-2021', '%d-%m-%Y'), 186186),
(4, 'NIS_Q','DW 30367', STR_TO_DATE('21-03-2012', '%d-%m-%Y'), STR_TO_DATE('23-04-2012', '%d-%m-%Y'), STR_TO_DATE('11-08-2021', '%d-%m-%Y'), 466248),
(5, 'MIT_ASX','DW 36324', STR_TO_DATE('15-07-2011', '%d-%m-%Y'), STR_TO_DATE('14-08-2011', '%d-%m-%Y'), STR_TO_DATE('23-08-2021', '%d-%m-%Y'), 576701),
(1, 'TOY_SUP','DW 63359', STR_TO_DATE('20-07-2017', '%d-%m-%Y'), STR_TO_DATE('10-08-2017', '%d-%m-%Y'), STR_TO_DATE('12-01-2021', '%d-%m-%Y'), 521873),
(2, 'VW_G5','DW 56570', STR_TO_DATE('13-08-2016', '%d-%m-%Y'), STR_TO_DATE('14-09-2016', '%d-%m-%Y'), STR_TO_DATE('14-01-2021', '%d-%m-%Y'), 110019),
(3, 'VW_G5','DW 98844', STR_TO_DATE('19-07-2013', '%d-%m-%Y'), STR_TO_DATE('11-08-2013', '%d-%m-%Y'), STR_TO_DATE('24-03-2021', '%d-%m-%Y'), 217568),
(4, 'MIT_ASX','DW 57517', STR_TO_DATE('28-04-2011', '%d-%m-%Y'), STR_TO_DATE('26-05-2011', '%d-%m-%Y'), STR_TO_DATE('18-04-2021', '%d-%m-%Y'), 237360),
(5, 'TOY_SUP','DW 98351', STR_TO_DATE('28-03-2015', '%d-%m-%Y'), STR_TO_DATE('28-04-2015', '%d-%m-%Y'), STR_TO_DATE('21-04-2021', '%d-%m-%Y'), 532039);

insert into WYPOZYCZENIA(ID_KLIENTA, ID_SAMOCHODU, STAN_WYP, DATA_WYP, DATA_ZWROTU)
values
(1, 1, 'ZAKONCZONE',  STR_TO_DATE('21-03-2020', '%d-%m-%Y'),  STR_TO_DATE('30-03-2020', '%d-%m-%Y')),
(2, 2, 'ZAKONCZONE',  STR_TO_DATE('21-03-2020', '%d-%m-%Y'),  STR_TO_DATE('01-04-2020', '%d-%m-%Y')),
(3, 3, 'ZAKONCZONE',  STR_TO_DATE('26-01-2020', '%d-%m-%Y'),  STR_TO_DATE('10-02-2020', '%d-%m-%Y')),
(4, 4, 'ZAKONCZONE',  STR_TO_DATE('21-06-2020', '%d-%m-%Y'),  STR_TO_DATE('28-06-2020', '%d-%m-%Y')),
(5, 5, 'ZAKONCZONE',  STR_TO_DATE('21-02-2020', '%d-%m-%Y'),  STR_TO_DATE('27-02-2020', '%d-%m-%Y')),
(6, 6, 'ZAKONCZONE',  STR_TO_DATE('25-01-2020', '%d-%m-%Y'),  STR_TO_DATE('09-02-2020', '%d-%m-%Y')),
(7, 7, 'ZAKONCZONE',  STR_TO_DATE('19-04-2019', '%d-%m-%Y'),  STR_TO_DATE('23-04-2019', '%d-%m-%Y')),
(8, 8, 'ZAKONCZONE',  STR_TO_DATE('23-07-2019', '%d-%m-%Y'),  STR_TO_DATE('30-07-2019', '%d-%m-%Y')),
(9, 9, 'ZAKONCZONE',  STR_TO_DATE('12-01-2019', '%d-%m-%Y'),  STR_TO_DATE('16-01-2019', '%d-%m-%Y')),
(10, 10, 'ZAKONCZONE',  STR_TO_DATE('24-06-2020', '%d-%m-%Y'),  STR_TO_DATE('27-06-2020', '%d-%m-%Y')),
(11, 11, 'ZAKONCZONE',  STR_TO_DATE('12-08-2020', '%d-%m-%Y'),  STR_TO_DATE('21-08-2020', '%d-%m-%Y')),
(12, 12, 'ZAKONCZONE',  STR_TO_DATE('24-07-2019', '%d-%m-%Y'),  STR_TO_DATE('07-08-2019', '%d-%m-%Y')),
(13, 13, 'ZAKONCZONE',  STR_TO_DATE('19-01-2020', '%d-%m-%Y'),  STR_TO_DATE('01-02-2020', '%d-%m-%Y')),
(14, 14, 'ZAKONCZONE',  STR_TO_DATE('24-03-2021', '%d-%m-%Y'),  STR_TO_DATE('01-04-2021', '%d-%m-%Y')),
(15, 15, 'ZAKONCZONE',  STR_TO_DATE('22-03-2021', '%d-%m-%Y'),  STR_TO_DATE('03-04-2021', '%d-%m-%Y')),
(16, 16, 'ZAKONCZONE',  STR_TO_DATE('15-05-2021', '%d-%m-%Y'),  STR_TO_DATE('24-05-2021', '%d-%m-%Y')),
(17, 17, 'ZAKONCZONE',  STR_TO_DATE('21-04-2021', '%d-%m-%Y'),  STR_TO_DATE('08-05-2021', '%d-%m-%Y')),
(18, 18, 'ZAKONCZONE',  STR_TO_DATE('16-03-2021', '%d-%m-%Y'),  STR_TO_DATE('20-03-2021', '%d-%m-%Y')),
(19, 19, 'ZAKONCZONE',  STR_TO_DATE('15-03-2021', '%d-%m-%Y'),  STR_TO_DATE('18-03-2021', '%d-%m-%Y')),
(20, 20, 'ZAKONCZONE',  STR_TO_DATE('20-03-2021', '%d-%m-%Y'),  STR_TO_DATE('05-04-2021', '%d-%m-%Y')),
(21, 21, 'ZAKONCZONE',  STR_TO_DATE('13-04-2021', '%d-%m-%Y'),  STR_TO_DATE('21-04-2021', '%d-%m-%Y')),
(22, 22, 'ZAKONCZONE',  STR_TO_DATE('13-02-2021', '%d-%m-%Y'),  STR_TO_DATE('05-03-2021', '%d-%m-%Y')),
(23, 23, 'ZAKONCZONE',  STR_TO_DATE('28-03-2021', '%d-%m-%Y'),  STR_TO_DATE('13-04-2021', '%d-%m-%Y')),
(24, 24, 'ZAKONCZONE',  STR_TO_DATE('20-02-2021', '%d-%m-%Y'),  STR_TO_DATE('04-03-2021', '%d-%m-%Y')),
(25, 25, 'ZAKONCZONE',  STR_TO_DATE('17-01-2021', '%d-%m-%Y'),  STR_TO_DATE('22-01-2021', '%d-%m-%Y')),
(25, 18, 'AKTUALNE',  STR_TO_DATE('10-12-2021', '%d-%m-%Y'),  STR_TO_DATE('22-01-2022', '%d-%m-%Y')),
(24, 20, 'AKTUALNE',  STR_TO_DATE('15-12-2021', '%d-%m-%Y'),  STR_TO_DATE('12-01-2022', '%d-%m-%Y')),
(23, 21, 'AKTUALNE',  STR_TO_DATE('17-12-2021', '%d-%m-%Y'),  STR_TO_DATE('10-01-2022', '%d-%m-%Y')),
(22, 15, 'AKTUALNE',  STR_TO_DATE('05-12-2021', '%d-%m-%Y'),  STR_TO_DATE('28-01-2022', '%d-%m-%Y'));